time,px,py,pz,pvx,pvy,pvz,pv_mag,d_p,age,alpha_air_mean,alpha_air_max,bubble_cx,bubble_cy,bubble_cells,alpha_oil_mean,alpha_oil_max,alpha_water_mean,alpha_water_max,bubble_vy,dist_to_bubble_center,in_bubble,v_rel
0.002,0.0150007,0.0300043,0.0005,0.00139541,0.00528699,0.0,0.005468037337857158,0.0003,,0.02634666581333736,1.0,0.02508257345491388,0.015023302938196556,1974,0.020213333376381367,1.0,0.9534400009619082,1.0,0.016621135490116172,0.018057531540237183,0,0.011334145490116172
0.004,0.0150065,0.0300215,0.0005,0.00371866,0.00981449,0.0,0.010495363078793415,0.0003,,0.026346665774738195,1.0,0.025054782388663967,0.015056545209176788,1976,0.020213333365435494,1.0,0.9534400010333431,1.0,0.028242520223626943,0.018025477825947277,0,0.01842803022362694
0.006,0.0150128,0.0300422,0.0005,0.00426342,0.0102864,0.0,0.011134934892328738,0.0003,,0.026346665767470932,1.0,0.024974594526102383,0.015136273019091064,1973,0.02021333341967105,1.0,0.953440001033674,1.0,0.04081819720024216,0.01792830190900612,0,0.030531797200242156
0.008,0.0150196,0.0300565,0.0005,0.0016423,0.00332463,0.0,0.0037081415732007857,0.0003,,0.026346665691152318,1.0,0.024888776541961578,0.015219817997977756,1978,0.02021333338889403,1.0,0.9534400011934763,1.0,0.045242090054820494,0.01781930914613514,0,0.04191746005482049
0.01,0.0150216,0.0300626,0.0005,0.00037375,0.00414965,0.0,0.004166447429765556,0.0003,,0.026346665695407053,1.0,0.02499137931034483,0.015317241379310346,1972,0.02021333332479845,1.0,0.953440001213851,1.0,0.05659824312159456,0.017799497193733492,0,0.05244859312159456
0.012,0.0150251,0.0300759,0.0005,0.00343497,0.00813455,0.0,0.008830057904872426,0.0003,,0.02634666560637471,1.0,0.024985632911392403,0.015446210970464135,1975,0.020213333241616435,1.0,0.9534400012004154,1.0,0.06771919103739243,0.017698587993957408,0,0.05958464103739243
0.014,0.015037,0.0300895,0.0005,0.00702607,0.00595393,0.0,0.009209502814473754,0.0003,,0.026346665713845616,1.0,0.02503575949367089,0.015588118143459916,1975,0.020213333222158007,1.0,0.9534400013879504,1.0,0.07676375570046456,0.017614348332012277,0,0.07080982570046457
0.016,0.0150393,0.0300996,0.0005,-0.00650536,0.0065793,0.0,0.00925239953847649,0.0003,,0.02634666563217623,1.0,0.024845328282828285,0.015753265993265993,1980,0.020213333277250986,1.0,0.9534400012974852,1.0,0.08541682331731604,0.017377441990016854,0,0.07883752331731604
0.018,0.0150167,0.0301082,0.0005,-0.0094888,0.00245218,0.0,0.00980053632167138,0.0003,,0.02634666560296746,1.0,0.024901609224531173,0.01592978543672918,1973,0.02021333321988396,1.0,0.9534400013824137,1.0,0.09350397571275071,0.01728406404481283,0,0.09105179571275071
0.02,0.0150014,0.0301076,0.0005,-0.00649772,6.39524e-05,0.0,0.006498034711192743,0.0003,,0.026346665699928468,1.0,0.024903113968734243,0.016127281896116997,1983,0.020213333298390344,1.0,0.9534400014489587,1.0,0.10681946360251704,0.017131644223611044,0,0.10675551120251704
0.022,0.0149859,0.0301037,0.0005,-0.00829306,-0.00249769,0.0,0.008661021850780657,0.0003,,0.026346665535674826,1.0,0.024946645569620254,0.016357063291139243,1975,0.020213333225542862,1.0,0.9534400014879609,1.0,0.11483944499908993,0.016976055876089347,0,0.11733713499908993
0.024,0.0149715,0.0301011,0.0005,-0.00913773,-0.00190126,0.0,0.0093334291201305,0.0003,,0.0263466654722556,1.0,0.024847545546558707,0.01658663967611336,1976,0.02021333322976386,1.0,0.9534400016289111,1.0,0.12306109379742658,0.01673848599735377,0,0.12496235379742658
0.026,0.0149494,0.0300986,0.0005,-0.0109451,0.000264713,0.0,0.010948300643587067,0.0003,,0.02634666548784056,1.0,0.02480065856129686,0.016849307666328944,1974,0.020213333329794587,1.0,0.9534400015295491,1.0,0.13617602769228032,0.016510331389302857,0,0.13591131469228032
0.028,0.0149322,0.0300982,0.0005,-0.00538285,-0.00274327,0.0,0.0060415730083646264,0.0003,,0.02634666109857865,1.0,0.02474829286798179,0.017131343786882483,1977,0.020213333361208032,1.0,0.9534400058606969,1.0,0.14720890581937862,0.016263303454234237,0,0.1499521758193786
0.03,0.0149243,0.0300931,0.0005,-0.00487944,-0.00199797,0.0,0.0052726481804212955,0.0003,,0.026346661218744863,1.0,0.024848259334006056,0.01743814328960646,1982,0.020213333278617976,1.0,0.9534400058590646,1.0,0.15726164708721946,0.016082067597325302,0,0.15925961708721945
0.032,0.0149185,0.0300878,0.0005,-0.00194984,-0.00059605,0.0,0.0020389094212593163,0.0003,,0.02634666106297982,1.0,0.02473820040383645,0.017760390375231364,1981,0.020213333283469463,1.0,0.9534400059393011,1.0,0.1645288894285164,0.015760442382050835,0,0.1651249394285164
0.034,0.0149205,0.0300934,0.0005,0.00243502,0.00572929,0.0,0.0062252780102176955,0.0003,,0.026346661000288155,1.0,0.024680358948432762,0.018096258847320527,1978,0.020213333181392852,1.0,0.9534400060557071,1.0,0.1729327092224624,0.015465647174645438,0,0.1672034192224624
0.036,0.0149219,0.0301135,0.0005,-0.000609796,0.0117624,0.0,0.011778196165865807,0.0003,,0.026346661104011418,1.0,0.024683838383838384,0.018452121212121215,1980,0.020213333309859517,1.0,0.953440005972687,1.0,0.1775867880013493,0.015207997772364595,0,0.1658243880013493
0.038,0.0149201,0.0301335,0.0005,0.000518547,0.00823566,0.0,0.008251968651589087,0.0003,,0.026346660994656563,1.0,0.02478576845298281,0.01880660599932592,1978,0.0202133331723176,1.0,0.953440006121233,1.0,0.1864309764309766,0.015020983380813877,0,0.1781953164309766
0.04,0.0149219,0.0301467,0.0005,-0.00159131,0.00466159,0.0,0.0049257170893383636,0.0003,,0.026346659675701052,1.0,0.024743560606060606,0.01919784511784512,1980,0.020213333222794182,1.0,0.9534400072801738,1.0,0.19615994797996805,0.014708583898225195,0,0.19149835797996806
0.042,0.014915,0.0301583,0.0005,-0.0037833,0.00832685,0.0,0.009146025902680354,0.0003,,0.026346659812095673,1.0,0.02483888888888889,0.019591245791245795,1980,0.02021333331184593,1.0,0.9534400071736018,1.0,0.2043699441674116,0.014496420431601806,0,0.1960430941674116
0.044,0.0149105,0.0301788,0.0005,-0.00446046,0.0118458,0.0,0.012657751816637898,0.0003,,0.02634665971793025,1.0,0.0246723417721519,0.02001532489451477,1975,0.020213333153563575,1.0,0.9534400074761489,1.0,0.2122762714867985,0.014092188652028034,0,0.20043047148679852
0.046,0.0149091,0.030201,0.0005,0.000214518,0.0139464,0.0,0.013948049717875399,0.0003,,0.0263466595605618,1.0,0.02474013157894737,0.020440350877192984,1976,0.02021333315726305,1.0,0.9534400074632621,1.0,0.22115615648236275,0.013853499673541476,0,0.20720975648236276
0.048,0.0149009,0.0302431,0.0005,-0.00367323,0.026201,0.0,0.02645723000680343,0.0003,,0.02634665972561952,1.0,0.024716115598182736,0.02089994952044422,1981,0.020213333082742563,1.0,0.95344000751666,1.0,0.23495186298236792,0.01355112239345631,0,0.20875086298236792
0.05,0.0148968,0.0303009,0.0005,0.00199566,0.0290877,0.0,0.02915607912812695,0.0003,,0.02634665958473374,1.0,0.02477823395654371,0.021380158329122455,1979,0.020213333217301697,1.0,0.9534400074088968,1.0,0.24375734028090257,0.013312489211115483,0,0.21466964028090257
0.052,0.0149131,0.0303651,0.0005,0.0158011,0.0367077,0.0,0.039964108904115454,0.0003,,0.026346659608913678,1.0,0.024739292954891027,0.021874978881567832,1973,0.020213333033811332,1.0,0.9534400075246209,1.0,0.24685048684769573,0.012986001100893142,0,0.21014278684769572
0.054,0.0149646,0.0304488,0.0005,0.0372944,0.0418755,0.0,0.056075215305962045,0.0003,,0.026346659559486754,1.0,0.024763088012139604,0.022367560276513234,1977,0.020213333067958944,1.0,0.9534400076325604,1.0,0.25143382095889244,0.012701055184216154,0,0.20955832095889243
0.056,0.0150559,0.0305231,0.0005,0.0494936,0.0322429,0.0,0.059069628755985926,0.0003,,0.02634665957674252,1.0,0.024762064173825163,0.022880714165403403,1979,0.020213332961175674,1.0,0.9534400077352209,1.0,0.25407590695388915,0.012353772064195204,0,0.22183300695388916
0.058,0.0151591,0.0305816,0.0005,0.0488912,0.0272342,0.0,0.05596473074249532,0.0003,,0.026346659465868817,1.0,0.02463876958059626,0.02338386390432879,1979,0.020213333146400125,1.0,0.953440007750385,1.0,0.2576386575003049,0.01190258544435663,0,0.23040445750030492
0.06,0.0152349,0.0306398,0.0005,0.0287382,0.0306281,0.0,0.04199957915086769,0.0003,,0.026346659400249377,1.0,0.024584706031424226,0.023911268795404627,1973,0.020213333049675916,1.0,0.9534400078046816,1.0,0.25622589712636934,0.01151920157808129,0,0.22559779712636935
0.062,0.015267,0.0306981,0.0005,0.000801315,0.029417,0.0,0.029427911830933993,0.0003,,0.02634665909996483,1.0,0.024785470409711685,0.02440876749283426,1977,0.020213333031305642,1.0,0.9534400082381477,1.0,0.2499634004378226,0.011408636304407667,0,0.22054640043782262
0.064,0.0152368,0.0307658,0.0005,-0.031062,0.0410925,0.0,0.05151156569402642,0.0003,,0.0263466591142073,1.0,0.02493645251396648,0.02491112239715592,1969,0.020213333024800287,1.0,0.9534400081538011,1.0,0.25155854724215754,0.011329629681721302,0,0.21046604724215753
0.066,0.0151525,0.0308562,0.0005,-0.049899,0.0450297,0.0,0.0672129755559892,0.0003,,0.026346659061538057,1.0,0.025020181634712414,0.02541500168180289,1982,0.020213332948502152,1.0,0.953440008261836,1.0,0.24281161729308476,0.011268441772578483,0,0.19778191729308475
0.068,0.0150507,0.0309559,0.0005,-0.0592776,0.0622219,0.0,0.08593834244020535,0.0003,,0.0263466588985805,1.0,0.025316878172588833,0.02588236886632826,1970,0.020213332866676495,1.0,0.9534400084557175,1.0,0.22354770042281658,0.01145142490852889,0,0.16132580042281658
0.07,0.0149217,0.0311147,0.0005,-0.0706386,0.0974474,0.0,0.12035700053058816,0.0003,,0.026346658928064797,1.0,0.02517997714575927,0.02630919248349416,1969,0.02021333282195032,1.0,0.9534400084612462,1.0,0.2026401066502599,0.011328069230473525,0,0.10519270665025988
0.072,0.0147741,0.0313141,0.0005,-0.0738675,0.0966559,0.0,0.12165019753810513,0.0003,,0.02634665880140975,1.0,0.02521590909090909,0.026692929292929293,1980,0.02021333122415611,1.0,0.9534400100978114,1.0,0.1834366280310773,0.011418695012779704,0,0.0867807280310773
0.074,0.014653,0.0314888,0.0005,-0.0437599,0.0798613,0.0,0.09106457096862643,0.0003,,0.02634665885957278,1.0,0.025404196157735086,0.02704293899561847,1978,0.02021264178416002,1.0,0.9534406996320596,1.0,0.17117824587336905,0.011634169454343443,0,0.09131694587336905
0.076,0.0145672,0.0317093,0.0005,-0.0394865,0.143138,0.0,0.14848458076935125,0.0003,,0.026346658797272025,1.0,0.02534845020325203,0.027377642276422767,1968,0.02021201590476143,1.0,0.9534413253203575,1.0,0.15782299189215454,0.01161889041945694,0,0.014684991892154553
0.078,0.014477,0.0319962,0.0005,-0.0715185,0.144471,0.0,0.1612041118683081,0.0003,,0.02634665870820858,1.0,0.025493003025718608,0.02767423096318709,1983,0.020210226690809487,1.0,0.9534431146744166,1.0,0.14881463785494375,0.011833500708489058,0,0.004343637854943766
0.08,0.0143261,0.0323176,0.0005,-0.0587355,0.168509,0.0,0.17845207211251427,0.0003,,0.02634665883296515,1.0,0.025248289406994424,0.027972900827842543,1973,0.020205543250991193,1.0,0.9534477981860121,1.0,0.14770365737951963,0.011754600475507746,0,0.020805342620480366
0.082,0.0141594,0.0326649,0.0005,-0.112727,0.173652,0.0,0.2070323492428176,0.0003,,0.026346658674403098,1.0,0.025350050658561298,0.02826504559270517,1974,0.020205030517776595,1.0,0.9534483109915076,1.0,0.1442769027440054,0.012024532463565897,0,0.029375097255994603
0.084,0.0139128,0.0330246,0.0005,-0.130414,0.170162,0.0,0.2143896397683433,0.0003,,0.026346658738281757,1.0,0.02541740506329114,0.028550008438818567,1975,0.020204961750174725,1.0,0.9534483798381921,1.0,0.14192425583214874,0.012344144656544667,0,0.02823774416785127
0.086,0.013688,0.0334107,0.0005,-0.0949566,0.182393,0.0,0.2056306454120105,0.0003,,0.02634665871467597,1.0,0.025508670886075953,0.02883274261603376,1975,0.020203860759498767,1.0,0.9534494808062651,1.0,0.14180238563038827,0.01267619635404622,0,0.04059061436961173
0.088,0.0135582,0.0337431,0.0005,-0.0558042,0.13176,0.0,0.14309020349989024,0.0003,,0.02634665856514461,1.0,0.025591157760814248,0.02911721798134012,1965,0.02020160278663679,1.0,0.953451738989068,1.0,0.13552964129696132,0.012891503284105413,0,0.0037696412969613347
0.09,0.0134072,0.0339578,0.0005,-0.113614,0.125768,0.0,0.16948666856127653,0.0003,,0.02634665646227687,1.0,0.025733278647147906,0.029374861181221606,1981,0.020195496093181546,1.0,0.9534578479382404,1.0,0.13200955844477757,0.013150495923437318,0,0.006241558444777584
0.092,0.013172,0.0341904,0.0005,-0.119266,0.0801516,0.0,0.14369640823124286,0.0003,,0.02634665655350472,1.0,0.0257574200913242,0.02964525621511923,1971,0.020186156333561547,1.0,0.9534671874839591,1.0,0.12754441425218133,0.013380998875283831,0,0.04739281425218132
0.094,0.0129051,0.0342718,0.0005,-0.134867,0.0125544,0.0,0.1354500669928221,0.0003,,0.026346656389277644,1.0,0.025769756838905776,0.02988503883823033,1974,0.020182237583824543,1.0,0.9534711062540546,1.0,0.12159861658869353,0.01359202225841379,0,0.10904421658869354
0.096,0.0126727,0.034307,0.0005,-0.103978,0.00762284,0.0,0.10425704855627556,0.0003,,0.026346656307888183,1.0,0.02587007824331146,0.030131650681474005,1981,0.020172820919645396,1.0,0.9534805231015904,1.0,0.11804591639274697,0.013842121745915476,0,0.11042307639274697
0.098,0.0124924,0.0343573,0.0005,-0.0836552,0.048285,0.0,0.09659002905082906,0.0003,,0.026346655795318807,1.0,0.025817853522554488,0.03035722250380132,1973,0.02015492261661526,1.0,0.9534984218861262,1.0,0.1164556974940556,0.01391288365355489,0,0.0681706974940556
0.1,0.0123597,0.0345168,0.0005,-0.0633204,0.0730669,0.0,0.09668632236138677,0.0003,,0.02634665564245333,1.0,0.025724545224861044,0.03059747347145023,1979,0.020126281463950485,1.0,0.9535270633105072,1.0,0.11826630741665767,0.013927677779223826,0,0.045199407416657664
0.102,0.0121233,0.034617,0.0005,-0.15351,0.0592104,0.0,0.16453325368496183,0.0003,,0.02634665553933865,1.0,0.025711446239273093,0.030830287733467947,1981,0.020061378379316593,1.0,0.9535919665300994,1.0,0.11679196969018513,0.014105917482013562,0,0.05758156969018512
0.104,0.0117547,0.0348022,0.0005,-0.193176,0.132843,0.0,0.2344445128916435,0.0003,,0.02634665540090502,1.0,0.025716772151898735,0.031064641350210972,1975,0.02001099984321211,1.0,0.953642345222144,1.0,0.11220606865117766,0.014453677851517204,0,0.02063693134882233
0.106,0.0114056,0.0349826,0.0005,-0.184476,0.0538725,0.0,0.19218127076343833,0.0003,,0.026346655189139964,1.0,0.025433022199798185,0.03127911200807266,1982,0.019964155686358172,1.0,0.953689189537938,1.0,0.10111484838370188,0.0145080803994788,0,0.047242348383701886
0.108,0.0110789,0.035088,0.0005,-0.147675,0.0419924,0.0,0.15352936944689116,0.0003,,0.026346653723754585,1.0,0.02531224645030426,0.03146910074374578,1972,0.0199208517464821,1.0,0.9537324948088484,1.0,0.09073235674888824,0.014686203832212946,0,0.048739956748888244
0.11,0.0107916,0.0351371,0.0005,-0.117884,0.000599425,0.0,0.11788552398971905,0.0003,,0.026346653467773068,1.0,0.025053625568468924,0.03164204143506821,1979,0.01988182944675981,1.0,0.9537715173063144,1.0,0.07493129179634739,0.014684032405574579,0,0.07433186679634739
0.112,0.010618,0.0351167,0.0005,-0.0459829,0.000278138,0.0,0.04598374118269461,0.0003,,0.026346653234851705,1.0,0.025123987854251014,0.03176882591093117,1976,0.019854407804900668,1.0,0.9537989391700229,1.0,0.05743835918166518,0.014887308169845091,0,0.05716022118166518
0.114,0.0105725,0.0351573,0.0005,-0.0145909,0.0348656,0.0,0.03779556093207243,0.0003,,0.026346653163141383,1.0,0.025292004048582995,0.031871794871794874,1976,0.019827270209043443,1.0,0.9538260769381149,1.0,0.04859230892039257,0.015081722162396222,0,0.013726708920392572
0.116,0.0105389,0.0352213,0.0005,-0.0241881,0.0325591,0.0,0.04056056181095129,0.0003,,0.02634665304625215,1.0,0.025193882709807887,0.03196319514661274,1978,0.019813406149175056,1.0,0.9538399411949959,1.0,0.045219381865816644,0.015012786731997284,0,0.012660281865816643
0.118,0.0104762,0.0352793,0.0005,-0.0429071,0.0253345,0.0,0.04982826628190067,0.0003,,0.02634665291729329,1.0,0.025201504805260497,0.03205267239925814,1977,0.019793737152461622,1.0,0.9538596102769437,1.0,0.048233417022417235,0.015074671713894703,0,0.022898917022417236
0.12,0.0103731,0.035356,0.0005,-0.0469488,0.0692463,0.0,0.08366145997488927,0.0003,,0.026346652731664925,1.0,0.02498754425897825,0.032156128814702416,1977,0.019781255990989538,1.0,0.953872091565152,1.0,0.053110773899849306,0.014960653615443412,0,0.01613552610015069
0.122,0.0103141,0.0355161,0.0005,-0.00769273,0.110031,0.0,0.11029958774108316,0.0003,,0.02634665270607981,1.0,0.024818727870510877,0.032265115494857534,1977,0.019750493044499474,1.0,0.9539028546377394,1.0,0.0540828257114665,0.014864492252165134,0,0.055948174288533506
0.124,0.0102858,0.0357099,0.0005,-0.00296451,0.081482,0.0,0.08153591014724801,0.0003,,0.02634665255552825,1.0,0.025080919395465993,0.03237246011754828,1985,0.019730995193913515,1.0,0.9539223525668599,1.0,0.05602183264283056,0.015166873866920415,0,0.02546016735716944
0.126,0.0103004,0.0358401,0.0005,-0.00103357,0.0484137,0.0,0.04842473143585723,0.0003,,0.026346652353325364,1.0,0.025076690211907164,0.03248920282542886,1982,0.01970317134981487,1.0,0.9539501766133132,1.0,0.056741219555936695,0.015151477297645016,0,0.008327519555936698
0.128,0.0102752,0.0359049,0.0005,-0.0122547,0.0274155,0.0,0.030029773764382574,0.0003,,0.02634665230632686,1.0,0.02494095636732623,0.03259942499577203,1971,0.019684317528343886,1.0,0.9539690306145548,1.0,0.05402925997275254,0.015033648087850989,0,0.026613759972752542
0.13,0.0102761,0.0359791,0.0005,0.00161973,0.0407742,0.0,0.04080635870685964,0.0003,,0.0263466522076185,1.0,0.024740530303030306,0.03270531986531987,1980,0.01965907677799898,1.0,0.9539942715649135,1.0,0.05169570787210631,0.014830285916375573,0,0.010921507872106315
0.132,0.0102527,0.036063,0.0005,-0.0228979,0.0364304,0.0,0.04302891897979776,0.0003,,0.026346652104181953,1.0,0.024836918016194334,0.03280620782726046,1976,0.01964645341267859,1.0,0.9540068948980879,1.0,0.05159978713170155,0.014943430342471736,0,0.015169387131701545
0.134,0.0102363,0.0361078,0.0005,0.00114311,0.0180859,0.0,0.018121988833516588,0.0003,,0.02634665193491823,1.0,0.024863981762917934,0.03291171901384667,1974,0.01963044074126169,1.0,0.9540229078240203,1.0,0.048498497271666,0.014972775541871078,0,0.030412597271666
0.136,0.0102333,0.036154,0.0005,-0.010901,0.0231349,0.0,0.02557450681850972,0.0003,,0.02634665174700533,1.0,0.024756432896064582,0.03300020181634712,1982,0.019618109088683285,1.0,0.9540352395278049,1.0,0.04095913542722052,0.01486162279496978,0,0.017824235427220517
0.138,0.0102222,0.0361996,0.0005,-0.00953312,0.024422,0.0,0.026216682874353116,0.0003,,0.026346651500047016,1.0,0.02484229797979798,0.03307555555555556,1980,0.019609287621045364,1.0,0.9540440612774804,1.0,0.03720444787400545,0.014950147779529042,0,0.012782447874005454
0.14,0.0102083,0.036243,0.0005,-0.0109238,0.0182236,0.0,0.02124685867134245,0.0003,,0.026346651298431785,1.0,0.024929006085192697,0.03314901960784314,1972,0.019597671768310693,1.0,0.9540556773933734,1.0,0.03262092490074586,0.015042336996413835,0,0.014397324900745863
0.142,0.0101864,0.0362788,0.0005,0.000469829,0.0203559,0.0,0.0203613212758711,0.0003,,0.026346649096350747,1.0,0.024846313537996982,0.03320603925515853,1987,0.01958299442978189,1.0,0.9540703567321568,1.0,0.03339525805268906,0.014978482017099927,0,0.013039358052689059
0.144,0.0101934,0.0363027,0.0005,-0.0037849,0.00270482,0.0,0.004652044630310419,0.0003,,0.02634664607465833,1.0,0.0249627968671046,0.0332826006400539,1979,0.019573423135052708,1.0,0.954079931163347,1.0,0.033962647049174066,0.015075015222612082,0,0.03125782704917407
0.146,0.0101782,0.0363115,0.0005,-0.0170323,0.00929943,0.0,0.019405634274996014,0.0003,,0.026346645446489656,1.0,0.025108072258716523,0.03334188984335523,1979,0.019558252231594547,1.0,0.9540951025309804,1.0,0.02435744262210804,0.01522234115187414,0,0.01505801262210804
0.148,0.0101353,0.0363555,0.0005,-0.0317681,0.0241871,0.0,0.03992778461197165,0.0003,,0.026346645156518043,1.0,0.02523587176887988,0.03338003041054233,1973,0.01952994011317676,1.0,0.9541234150868445,1.0,0.019479291319647984,0.01539092872522251,0,0.004707808680352015
0.15,0.0100649,0.0363774,0.0005,-0.028926,-0.00681002,0.0,0.029716827697457884,0.0003,,0.026346644872557924,1.0,0.02519673692229558,0.033419807008633826,1969,0.01951173482214328,1.0,0.9541416206929425,1.0,0.020917199252801666,0.015418166069462544,0,0.027727219252801666
0.152,0.0100166,0.0363713,0.0005,-0.0160537,0.0218156,0.0,0.02708582077489992,0.0003,,0.026346644602335823,1.0,0.02539042741527567,0.033463699207553536,1977,0.01949686428700359,1.0,0.9541564913073824,1.0,0.021065125478674673,0.015646364170724045,0,0.0007504745213253276
0.154,0.0099749,0.03646,0.0005,-0.0197731,0.0438996,0.0,0.04814717399567704,0.0003,,0.026346644543068988,1.0,0.025439050632911395,0.033504067510548526,1975,0.019481864728187973,1.0,0.9541714910221482,1.0,0.023661696001910926,0.01574412562448511,0,0.02023790399808907
0.156,0.0099304,0.036545,0.0005,-0.0344336,0.0514574,0.0,0.06191556204800212,0.0003,,0.026346638824417946,1.0,0.025486772151898734,0.033558345991561184,1975,0.019472756129109692,1.0,0.9541806053108918,1.0,0.0305352530686136,0.01584048031767011,0,0.0209221469313864
0.158,0.009832,0.0366103,0.0005,-0.0456049,0.0221325,0.0,0.050691759293399946,0.0003,,0.02634663866201943,1.0,0.025614514906518445,0.03362620852282298,1979,0.019460243654111146,1.0,0.9541931179430099,1.0,0.04549679337674206,0.01606214738814949,0,0.023364293376742062
0.16,0.00975118,0.0366415,0.0005,-0.0319334,0.0138435,0.0,0.034804949760199336,0.0003,,0.02634663839283459,1.0,0.02569857395254922,0.03374033316506815,1981,0.019450968259838063,1.0,0.9542023936825733,1.0,0.05789455614255701,0.016209137635355923,0,0.044051056142557006
0.162,0.0097104,0.0366735,0.0005,-0.0037783,0.0134994,0.0,0.01401817931294931,0.0003,,0.026346638288903632,1.0,0.025656029263370333,0.033857786747393204,1982,0.01943854608768124,1.0,0.9542148160016855,1.0,0.07026754164563442,0.01619232329611035,0,0.05676814164563442
0.164,0.00973243,0.0366971,0.0005,0.0242997,0.0206037,0.0,0.0318588743332215,0.0003,,0.026346637786548333,1.0,0.02574589853609288,0.034021403331650685,1981,0.01942068107414013,1.0,0.9542326814333617,1.0,0.08239471100116091,0.01623547126564093,0,0.06179101100116091
0.166,0.00975443,0.0367282,0.0005,0.00720387,0.0146395,0.0,0.0163159646735,0.0003,,0.026346637416614516,1.0,0.02581829637096774,0.03418736559139785,1984,0.01940448160076782,1.0,0.9542488813472949,1.0,0.08649278016450879,0.016263567944219525,0,0.07185328016450879
0.168,0.00976756,0.0367983,0.0005,0.00763578,0.0530133,0.0,0.05356038753685787,0.0003,,0.026346637212596807,1.0,0.02567644084934277,0.034367374452308724,1978,0.0193861354806229,1.0,0.9542672275859164,1.0,0.10318389299525244,0.01609353562449853,0,0.050170592995252436
0.17,0.00974386,0.0369257,0.0005,-0.0353973,0.0594404,0.0,0.06918186178074423,0.0003,,0.026346637067414292,1.0,0.025584408194233688,0.03460010116337886,1977,0.019371020825888242,1.0,0.9542823424355246,1.0,0.11324827699194984,0.01601035218359464,0,0.05380787699194984
0.172,0.00963225,0.0369858,0.0005,-0.071295,0.00793181,0.0,0.07173486345478117,0.0003,,0.02634663625933158,1.0,0.025477427921092567,0.03482036756027652,1977,0.01935155978481007,1.0,0.9543018041883731,1.0,0.11313969232026722,0.015992459504469165,0,0.10520788232026722
0.174,0.00950874,0.0369671,0.0005,-0.0387457,-0.0106971,0.0,0.04019523873420831,0.0003,,0.026346636074791055,1.0,0.025368055555555557,0.035052659932659935,1980,0.019336753958829438,1.0,0.9543166102911764,1.0,0.11831880619726753,0.015974447429007475,0,0.12901590619726752
0.176,0.00944259,0.0369669,0.0005,-0.021022,0.0039946,0.0,0.021398161443451164,0.0003,,0.0263466357524605,1.0,0.025279515640766904,0.03529364278506559,1982,0.019322548112352404,1.0,0.9543308164824678,1.0,0.11707817792924047,0.015925074676701213,0,0.11308357792924047
0.178,0.00942033,0.0369594,0.0005,-0.0144626,-0.0103822,0.0,0.017803282719768283,0.0003,,0.02634663555184633,1.0,0.02522644376899696,0.0355209726443769,1974,0.01930641284578487,1.0,0.9543469520032375,1.0,0.1145017616460624,0.015871430488014624,0,0.1248839616460624
0.18,0.00939119,0.0369184,0.0005,-0.0161311,-0.0187302,0.0,0.02471907723297939,0.0003,,0.026346635278553084,1.0,0.024997853535353536,0.035751649831649836,1980,0.019285369683574985,1.0,0.9543679954262937,1.0,0.11118733823101046,0.01565021573848357,0,0.12991753823101046
0.182,0.00935172,0.0368739,0.0005,-0.0109065,-0.024598,0.0,0.02690749609774198,0.0003,,0.026346634941002218,1.0,0.024618421052631578,0.03596572199730094,1976,0.0192719602736126,1.0,0.9543814052056374,1.0,0.10668419353350878,0.015293689820151595,0,0.13128219353350878
0.184,0.00936995,0.0368238,0.0005,0.0189003,-0.0256919,0.0,0.03189506334372139,0.0003,,0.026346634733671458,1.0,0.024504883307965502,0.036178386605783874,1971,0.019253039690429873,1.0,0.9544003258831755,1.0,0.09426204253169068,0.01514868854673556,0,0.11995394253169069
0.186,0.00942939,0.0368001,0.0005,0.0362966,0.000544137,0.0,0.03630067845970332,0.0003,,0.02634663438226505,1.0,0.024247019279553528,0.0363427701674277,1971,0.01923826692434858,1.0,0.9544150990028231,1.0,0.08493921353293388,0.014824685090822085,0,0.08439507653293388
0.188,0.00949868,0.0368111,0.0005,0.0342847,0.00615599,0.0,0.03483298532957088,0.0003,,0.026346634077892343,1.0,0.024128797468354432,0.03651814345991561,1975,0.01922304294055389,1.0,0.9544303232502351,1.0,0.08663927402572469,0.01463305028598712,0,0.08048328402572469
0.19,0.00958209,0.0368099,0.0005,0.0381227,-0.0106108,0.0,0.039571824975985125,0.0003,,0.02634663384971637,1.0,0.023823786039453718,0.0366893272635306,1977,0.01920832322085638,1.0,0.9544450432163234,1.0,0.08546244981718765,0.014242206425444458,0,0.09607324981718765
0.192,0.00964971,0.0367637,0.0005,0.0407162,-0.0351676,0.0,0.05380119917065046,0.0003,,0.02634663355623532,1.0,0.02360882204246714,0.03685999325918436,1978,0.019197396608570325,1.0,0.9544559700861239,1.0,0.08718958620700157,0.013959444165364014,0,0.12235718620700156
0.194,0.00973245,0.0366939,0.0005,0.0416665,-0.0375744,0.0,0.056106441320137215,0.0003,,0.02634663311658443,1.0,0.023493174924165826,0.03703808560835861,1978,0.01918623009921127,1.0,0.9544671370480011,1.0,0.09769366832627213,0.013765028665845915,0,0.13526806832627214
0.196,0.00981926,0.0365945,0.0005,0.0479396,-0.0717202,0.0,0.08626698288569039,0.0003,,0.026346632798679093,1.0,0.023712721518987342,0.03725076793248945,1975,0.01917817835409725,1.0,0.9544751891443696,1.0,0.10278420981028091,0.013908952533487057,0,0.17450440981028092
0.198,0.00993687,0.0364468,0.0005,0.0669229,-0.0733959,0.0,0.09932589129335814,0.0003,,0.026346632575221834,1.0,0.0240144523326572,0.03744922244759973,1972,0.019165229798742186,1.0,0.9544881379044945,1.0,0.10518680475642661,0.014113226955455437,0,0.17858270475642662
0.2,0.0100948,0.0363057,0.0005,0.0906681,-0.0741255,0.0,0.11711231407439612,0.0003,,0.026346632248269622,1.0,0.02433371212121212,0.03767151515151516,1980,0.019157974612509406,1.0,0.9544953934259474,1.0,0.09989300553388958,0.014304267524893046,0,0.1740185055338896
0.202,0.0102729,0.0361499,0.0005,0.0914268,-0.0830813,0.0,0.12353688585977064,0.0003,,0.026346631948900235,1.0,0.02456455488113303,0.03784879446973529,1977,0.019148221014200585,1.0,0.9545051471931899,1.0,0.09500268236231868,0.014392277153414977,0,0.17808398236231868
0.204,0.0104747,0.0359829,0.0005,0.105096,-0.0822552,0.0,0.13345818499829826,0.0003,,0.026346631547299323,1.0,0.024903072837632777,0.03805152588096442,1977,0.01913678383389043,1.0,0.9545165850506059,1.0,0.09887599937601443,0.014575910118312859,0,0.18113119937601443
0.206,0.0106917,0.0358205,0.0005,0.113045,-0.0795338,0.0,0.1382201047874006,0.0003,,0.026346615577763577,1.0,0.02524715765538151,0.03824429846723935,1979,0.019120639967060468,1.0,0.9545327447638189,1.0,0.0951447791279012,0.014755885150250931,0,0.1746785791279012
0.208,0.0109459,0.0356762,0.0005,0.138529,-0.0652507,0.0,0.15312719448709952,0.0003,,0.026346615346026253,1.0,0.025299280666330137,0.03843210499747603,1981,0.01910788199420546,1.0,0.9545455029571759,1.0,0.09012187796603044,0.01461555845350061,0,0.15537257796603043
0.21,0.0112323,0.0355636,0.0005,0.149084,-0.0529378,0.0,0.1582038233572122,0.0003,,0.026346615092251485,1.0,0.02557469666329626,0.038604785979103474,1978,0.019097216981499004,1.0,0.9545561680972925,1.0,0.0829565267201513,0.014661280783302227,0,0.1358943267201513
0.212,0.0115335,0.0354812,0.0005,0.149573,-0.0246412,0.0,0.1515891522056905,0.0003,,0.026346614801067873,1.0,0.026024949341438702,0.038763931104356636,1974,0.0190849910593752,1.0,0.9545683944728183,1.0,0.08099781008175455,0.014858614589489652,0,0.10563901008175455
0.214,0.0118113,0.0354258,0.0005,0.129974,-0.0330783,0.0,0.13411716745774943,0.0003,,0.026346614612391645,1.0,0.025808291457286435,0.03892877721943049,1990,0.0190750716761315,1.0,0.9545783140504628,1.0,0.08213768344792527,0.014428673509896826,0,0.11521598344792527
0.216,0.0120502,0.0353532,0.0005,0.102633,-0.0331962,0.0,0.107868069341395,0.0003,,0.026346614427847182,1.0,0.026037569690826153,0.039092481838148334,1973,0.019061772353031907,1.0,0.9545916135691083,1.0,0.08220231961495195,0.014478561376495528,0,0.11539851961495196
0.218,0.0122544,0.0352939,0.0005,0.106022,-0.0322111,0.0,0.11080712724012838,0.0003,,0.026346614176372022,1.0,0.026054746835443038,0.039257586497890296,1975,0.019044372391106828,1.0,0.9546090136386846,1.0,0.08196300025047343,0.01435828622893695,0,0.11417410025047342
0.22,0.0124615,0.0352648,0.0005,0.0872689,-0.0120636,0.0,0.08809875908416644,0.0003,,0.02634661399447642,1.0,0.02598273899848255,0.03942033383915023,1977,0.01903168982213958,1.0,0.9546216964854927,1.0,0.08768251704318786,0.014145400861849337,0,0.09974611704318787
0.222,0.012625,0.0352291,0.0005,0.0894368,-0.0136783,0.0,0.0904767212333095,0.0003,,0.02634661380450417,1.0,0.02590153420523139,0.03960831656606305,1988,0.019012362047483748,1.0,0.9546410245616354,1.0,0.08965205658523878,0.013980125115146865,0,0.10333035658523879
0.224,0.0128136,0.0352089,0.0005,0.102124,-0.00363397,0.0,0.10218863495497384,0.0003,,0.026346613667580572,1.0,0.025917695214105797,0.03977894206549119,1985,0.018992473458435306,1.0,0.9546609131669133,1.0,0.07670261853808213,0.013878133731186964,0,0.08033658853808213
0.226,0.0130446,0.0352075,0.0005,0.121904,-0.000618405,0.0,0.1219055685387014,0.0003,,0.02634661366984538,1.0,0.02564923018677436,0.03991512704021538,1981,0.018975630995293306,1.0,0.9546777558258117,1.0,0.07974945492068741,0.013455053121229599,0,0.08036785992068742
0.228,0.0133072,0.0352083,0.0005,0.142314,-0.00661335,0.0,0.1424675787476663,0.0003,,0.026346613322738004,1.0,0.02552190982776089,0.04009793988517393,1974,0.01895842041536486,1.0,0.9546949666268498,1.0,0.07980409853201387,0.013157040487247968,0,0.08641744853201387
0.23,0.013613,0.0352021,0.0005,0.15723,0.00361548,0.0,0.15727156321353966,0.0003,,0.02634661269764287,1.0,0.025316666666666668,0.040234343434343435,1980,0.018938601869622703,1.0,0.954714785754713,1.0,0.07615898735759252,0.012739673756691616,0,0.07254350735759252
0.232,0.0139128,0.0352249,0.0005,0.145611,0.0205839,0.0,0.14705869664936513,0.0003,,0.026346612334936955,1.0,0.02529670818505338,0.040402575834604305,1967,0.018919276969017136,1.0,0.9547341109554328,1.0,0.08356554927116377,0.012506066232591713,0,0.06298164927116377
0.234,0.0142139,0.0352931,0.0005,0.150647,0.0449281,0.0,0.15720385739100043,0.0003,,0.026346612014340555,1.0,0.025060128983308044,0.04056860563142809,1977,0.018898370718780984,1.0,0.9547550176409971,1.0,0.08806517515411727,0.01206116258184015,0,0.04313707515411727
0.236,0.0145107,0.0354092,0.0005,0.14892,0.0589879,0.0,0.16017721044646147,0.0003,,0.02634661171405501,1.0,0.02479967138523761,0.040754836535220766,1978,0.0188913317640393,1.0,0.9547620568098465,1.0,0.08774410950057643,0.011594773052238903,0,0.028756209500576425
0.238,0.0148006,0.0355427,0.0005,0.137392,0.0742436,0.0,0.1561687350430937,0.0003,,0.026346611298789867,1.0,0.02484908998988878,0.0409195820694304,1978,0.01887117024250694,1.0,0.9547822187506322,1.0,0.09044694143629428,0.011396622827200043,0,0.016203341436294275
0.24,0.0151031,0.0357306,0.0005,0.15763,0.118392,0.0,0.19713924663546828,0.0003,,0.02634661085958774,1.0,0.024926855617691916,0.041116624300965944,1967,0.01885653822399218,1.0,0.954796851204517,1.0,0.09115711422134609,0.011203367003125853,0,0.027234885778653906
0.242,0.0154378,0.0359946,0.0005,0.165572,0.151807,0.0,0.22463181527334902,0.0003,,0.026346606141056928,1.0,0.024924468623481782,0.04128421052631579,1976,0.01883755623036051,1.0,0.9548158379807203,1.0,0.09306614698073723,0.010861715384407038,0,0.05874085301926277
0.244,0.0157968,0.0363205,0.0005,0.194534,0.173576,0.0,0.2607146043703728,0.0003,,0.026346605556599376,1.0,0.025251905487804878,0.041488888888888895,1968,0.0188267530052331,1.0,0.9548266418254728,1.0,0.09076769939032125,0.010775493654228011,0,0.08280830060967875
0.246,0.0161729,0.0366834,0.0005,0.205408,0.178555,0.0,0.27216600538825564,0.0003,,0.02634660520021037,1.0,0.025451367781155015,0.04164728132387707,1974,0.018811575083652634,1.0,0.954841820021151,1.0,0.10213675213675089,0.010522836222400654,0,0.0764182478632491
0.248,0.0165881,0.0370711,0.0005,0.207549,0.211896,0.0,0.2966083313344384,0.0003,,0.026346604883788986,1.0,0.0255603491902834,0.0418974358974359,1976,0.018789744634736594,1.0,0.954863650655358,1.0,0.13900877224562258,0.010187972012496868,0,0.07288722775437742
0.25,0.0170221,0.0375,0.0005,0.226051,0.212165,0.0,0.31002103448959717,0.0003,,0.026346604634788096,1.0,0.025622081218274112,0.042203316412859564,1970,0.018765642957469075,1.0,0.9548877526925128,1.0,0.1405928756156829,0.009802084586155215,0,0.07157212438431709
0.252,0.0174572,0.0379266,0.0005,0.203394,0.218472,0.0,0.2984947805573826,0.0003,,0.026346604321539523,1.0,0.025845856563608716,0.04245980739989863,1973,0.018737205443710107,1.0,0.9549161905120026,1.0,0.1353101800846357,0.009535173216710399,0,0.08316181991536431
0.254,0.0178529,0.0383389,0.0005,0.181866,0.196442,0.0,0.26770263599748134,0.0003,,0.026346604163066924,1.0,0.025682809330628803,0.04274455713319811,1972,0.01870695759811821,1.0,0.9549464383953775,1.0,0.14528384026103147,0.00898428043313249,0,0.051158159738968534
0.256,0.0182013,0.0387013,0.0005,0.180375,0.164903,0.0,0.24439341241940216,0.0003,,0.026346603952814886,1.0,0.025758333333333334,0.04304094276094276,1980,0.018682144789363822,1.0,0.9549712515480328,1.0,0.15567091595748117,0.008714427812181015,0,0.009232084042518823
0.258,0.018608,0.0389774,0.0005,0.220568,0.121351,0.0,0.2517465150205659,0.0003,,0.026346603748957212,1.0,0.0257935663627153,0.043367240797028035,1974,0.018652332512898762,1.0,0.9550010638538204,1.0,0.16157021693730655,0.008420395844391004,0,0.040219216937306554
0.26,0.0190808,0.0392163,0.0005,0.256079,0.126581,0.0,0.28565574351306156,0.0003,,0.026346603519818032,1.0,0.025811835443037976,0.043687223628691985,1975,0.018623539267085838,1.0,0.9550298573658442,1.0,0.1703446828978734,0.0080805938042343,0,0.04376368289787341
0.262,0.01961,0.0395024,0.0005,0.269699,0.162478,0.0,0.31485973239682463,0.0003,,0.026346602885953658,1.0,0.025997727272727273,0.04404861952861953,1980,0.018588532105120157,1.0,0.9550648652568541,1.0,0.1841934187454406,0.007840355330796264,0,0.021715418745440584
0.264,0.020172,0.0398713,0.0005,0.296433,0.196793,0.0,0.3558089492101063,0.0003,,0.026346602467197215,1.0,0.02576365015166835,0.044423997303673746,1978,0.01856964991831615,1.0,0.9550837478372097,1.0,0.19725290126305417,0.007210659065406636,0,0.00045990126305417434
0.266,0.0207724,0.0402817,0.0005,0.299699,0.218031,0.0,0.37061706323643545,0.0003,,0.026346602322848637,1.0,0.025881725888324873,0.04483763113367174,1970,0.018549689091664184,1.0,0.9551037089270574,1.0,0.20862085262291608,0.006845562031554917,0,0.009410147377083927
0.268,0.0213641,0.040738,0.0005,0.29236,0.234478,0.0,0.3747723336693892,0.0003,,0.026346602150421203,1.0,0.025890285497726127,0.04525848071416541,1979,0.018524150389655856,1.0,0.9551292478098433,1.0,0.21410877398666806,0.006396960297435626,0,0.020369226013331937
0.27,0.0219512,0.0412197,0.0005,0.29201,0.243393,0.0,0.3801446994882343,0.0003,,0.026346601765010934,1.0,0.026126134644478063,0.04569406622961842,1983,0.018501294190794347,1.0,0.9551521043748518,1.0,0.22927487695814186,0.006119643162996756,0,0.014118123041858138
0.272,0.0225378,0.0416862,0.0005,0.284871,0.22377,0.0,0.3622492229681107,0.0003,,0.026346601624072846,1.0,0.026219223007063572,0.04617558022199798,1982,0.018484797441290945,1.0,0.9551686012363291,1.0,0.2505911867031383,0.005805808310184178,0,0.026821186703138294
0.274,0.0230838,0.0421485,0.0005,0.25421,0.233451,0.0,0.345140686533767,0.0003,,0.02634660139150299,1.0,0.026210984848484848,0.046696430976430975,1980,0.018464520844239832,1.0,0.9551888781068456,1.0,0.2559018988152264,0.005519326158415863,0,0.02245089881522641
0.276,0.0235705,0.0425972,0.0005,0.234055,0.218255,0.0,0.3200265427273182,0.0003,,0.026346601340762547,1.0,0.02629035532994924,0.04719918781725889,1970,0.018449313209853015,1.0,0.9552040857090524,1.0,0.24874553513498832,0.005345643542741369,0,0.03049053513498831
0.278,0.0240192,0.043015,0.0005,0.207231,0.190664,0.0,0.28159802601758416,0.0003,,0.026346600805926997,1.0,0.026503422920892493,0.04769141311697093,1972,0.01843847698546361,1.0,0.9552149225747267,1.0,0.244215173022317,0.005295300101152474,0,0.05355117302231699
0.28,0.0244379,0.0434125,0.0005,0.215873,0.194689,0.0,0.2906973664311392,0.0003,,0.026346600455217202,1.0,0.02640456038403234,0.04817604850934815,1979,0.01842272753150278,1.0,0.9552306721621449,1.0,0.23213578352018693,0.005153556778287715,0,0.03744678352018693
0.282,0.024844,0.0438276,0.0005,0.18391,0.215773,0.0,0.2835152123414192,0.0003,,0.026346599799985538,1.0,0.02652618626956083,0.048619956251051664,1981,0.018412232621200522,1.0,0.9552411678556477,1.0,0.21567073366161615,0.005079018515667464,0,0.00010226633838383847
0.284,0.0251958,0.0442484,0.0005,0.164052,0.214743,0.0,0.27023622028329214,0.0003,,0.026346598862038304,1.0,0.02646191801619433,0.0490387314439946,1976,0.018397737348997415,1.0,0.9552556641767093,1.0,0.1955496577758069,0.004954828975278083,1,0.019193342224193083
0.286,0.0255324,0.0447087,0.0005,0.170549,0.239868,0.0,0.29431890667267707,0.0003,,0.026346598148098067,1.0,0.026452525252525252,0.04940215488215489,1980,0.018379588304115416,1.0,0.9552738139054152,1.0,0.17857375677238352,0.004782797216186177,1,0.06129424322761648
0.288,0.0258344,0.0452004,0.0005,0.141047,0.253488,0.0,0.2900869220647494,0.0003,,0.026346593457290735,1.0,0.026706057157309053,0.049753026471084136,1977,0.01836094712156614,1.0,0.9552924599379148,1.0,0.1737865156286187,0.00463532026780287,1,0.0797014843713813
0.29,0.0261375,0.0457118,0.0005,0.164756,0.265642,0.0,0.3125863267962948,0.0003,,0.02634658998203322,1.0,0.027002277327935222,0.05009730094466937,1976,0.018343224611697205,1.0,0.9553101855850021,1.0,0.17106998155556674,0.004469950599571178,1,0.09457201844443325
0.292,0.0264237,0.0462466,0.0005,0.123393,0.265309,0.0,0.2925998939336787,0.0003,,0.026346587034184795,1.0,0.027233333333333335,0.050437306397306404,1980,0.018331231680973503,1.0,0.9553221816158477,1.0,0.1660065812488618,0.004268199414609078,1,0.09930241875113821
0.294,0.0266525,0.0467883,0.0005,0.108352,0.27427,0.0,0.2948969121642341,0.0003,,0.0263465865502797,1.0,0.02718045730166751,0.05076132726966481,1979,0.018318443497313916,1.0,0.9553349702373848,1.0,0.1613784318024596,0.004007952669117276,1,0.11289156819754043
0.296,0.0268728,0.047379,0.0005,0.101098,0.320267,0.0,0.335844840503766,0.0003,,0.026346585887117135,1.0,0.027150870772337205,0.05108282012451624,1981,0.018308772545576453,1.0,0.9553446420138034,1.0,0.1595667627055004,0.003714243781606118,1,0.16070023729449961
0.298,0.0270682,0.0480718,0.0005,0.0977479,0.371371,0.0,0.3840196239717575,0.0003,,0.02634658384945012,1.0,0.026823529411764708,0.05139959432048682,1972,0.01829896847192827,1.0,0.9553544480266922,1.0,0.13589060560356359,0.0033367766985837903,1,0.23548039439643642
0.3,0.0272439,0.048865,0.0005,0.0695369,0.422293,0.0,0.42797985736551897,0.0003,,0.026346583373241018,1.0,0.026665715372907156,0.0516263825469305,1971,0.018285895231029522,1.0,0.9553675217388,1.0,0.12455372860765301,0.0028212640843244133,1,0.29773927139234696
0.302,0.0273991,0.0497289,0.0005,0.0682305,0.441122,0.0,0.44636758396443843,0.0003,,0.02634658299677331,1.0,0.026556370070778563,0.05189780923491743,1978,0.018270849804531083,1.0,0.9553825674818173,1.0,0.12504650769490944,0.002326877951873642,1,0.3160754923050906
0.304,0.0274799,0.0506354,0.0005,0.0198923,0.467708,0.0,0.4681308330619657,0.0003,,0.026346582576384687,1.0,0.02642713089802131,0.052126568577710135,1971,0.018252171834621987,1.0,0.9554012459208473,1.0,0.11312972054878578,0.0018253510646533437,1,0.35457827945121423
0.306,0.02749,0.0515905,0.0005,0.00797721,0.476013,0.0,0.47607983789316694,0.0003,,0.026346582086971597,1.0,0.026206398283695104,0.05235032811711257,1981,0.018238710193581423,1.0,0.9554147080270612,1.0,0.11088074468741915,0.0014916340481685559,1,0.36513225531258087
0.308,0.0274656,0.0525236,0.0005,-0.0290108,0.451236,0.0,0.4521676173861194,0.0003,,0.02634658148998699,1.0,0.025994023397761953,0.052570091556459815,1966,0.01822270388637637,1.0,0.9554307148665252,1.0,0.11023854852216175,0.0014723108235276034,1,0.3409974514778383
0.31,0.027383,0.0534093,0.0005,-0.0535285,0.447006,0.0,0.450199582794398,0.0003,,0.026346577600381393,1.0,0.026126900658895086,0.05279128231120122,1973,0.018207217268374244,1.0,0.9554462056326128,1.0,0.10476550419472908,0.001399904074710974,1,0.34224049580527094
0.312,0.0272546,0.0543092,0.0005,-0.0735666,0.446328,0.0,0.4523502273897516,0.0003,,0.026346577127319273,1.0,0.025803408514951852,0.05298915357323873,1973,0.018191369935045634,1.0,0.9554620534287335,1.0,0.10241547008369345,0.0019617541372663008,1,0.34391252991630655
0.314,0.0271153,0.0551638,0.0005,-0.0397688,0.404013,0.0,0.40596559167303825,0.0003,,0.02634657661195119,1.0,0.026112354577642893,0.053200944191535995,1977,0.018174447821390775,1.0,0.9554789759317999,1.0,0.11516526358280288,0.002204246457419848,1,0.28884773641719713
0.316,0.0270602,0.0558691,0.0005,-0.0239053,0.307409,0.0,0.30833708283158223,0.0003,,0.026346575169745933,1.0,0.02589876137512639,0.05344981462756994,1978,0.018157527449215678,1.0,0.9554958977643266,1.0,0.13184389791545925,0.0026836321269135136,1,0.17556510208454074
0.318,0.0270185,0.0564281,0.0005,-0.0324923,0.261679,0.0,0.2636885446891654,0.0003,,0.02634657416790722,1.0,0.026070248983739837,0.05372831978319783,1968,0.018148792364597443,1.0,0.9555046338424242,1.0,0.1287877108016371,0.0028614669679859696,1,0.1328912891983629
0.32,0.0269752,0.0569257,0.0005,0.00533225,0.245517,0.0,0.24557489729013937,0.0003,,0.02634657319697894,1.0,0.025881821627084384,0.05396496547077649,1979,0.018137513461773735,1.0,0.9555159136219952,1.0,0.13880826764194687,0.0031561725584790153,1,0.10670873235805314
0.322,0.027013,0.0574477,0.0005,0.0126132,0.279851,0.0,0.28013510136225345,0.0003,,0.026346572179654748,1.0,0.025905901722391086,0.05428355285376562,1974,0.018124012686881005,1.0,0.9555294153714432,1.0,0.16576954750319217,0.0033522371275474796,1,0.11408145249680784
0.324,0.0269791,0.0580279,0.0005,-0.0350305,0.299335,0.0,0.3013777997053698,0.0003,,0.026346571321605526,1.0,0.02594829974811083,0.05462804366078926,1985,0.01811072777954184,1.0,0.9555427010953988,1.0,0.1584464639779508,0.00355268522199283,1,0.1408885360220492
0.326,0.0268998,0.0586524,0.0005,-0.0468576,0.335991,0.0,0.3392426664774936,0.0003,,0.026346570245488674,1.0,0.02591318044354839,0.054917338709677424,1984,0.018097359393978572,1.0,0.9555560706211316,1.0,0.16141369602648759,0.003863172399937508,1,0.1745773039735124
0.328,0.0268153,0.0593468,0.0005,-0.0292276,0.349986,0.0,0.35120428926446784,0.0003,,0.02634656941733459,1.0,0.02581833164300203,0.05527369844489521,1972,0.018085132953446725,1.0,0.9555682979432136,1.0,0.15361890907853493,0.0041933402178993655,1,0.1963670909214651
0.33,0.0267699,0.0600154,0.0005,-0.0203648,0.318048,0.0,0.3186993181402182,0.0003,,0.0263465681222891,1.0,0.02590487341772152,0.05553181434599156,1975,0.0180730189497355,1.0,0.9555804133172409,1.0,0.12905795054817665,0.00456626886033649,1,0.18899004945182335
